category,count
Duquesne archetype,3
Ford heritage,1
Hero,7
Hero brake reference,1
Hero engineering reference,1
Hero forced-induction reference,1
Hero halo reference,3
Hero modified reference,1
Hero powertrain reference,2
Hero reference,20
Hero track reference,1
Hero transmission reference,4
Hero/film reference,1
Hero/homologation reference,1
Kade archetype,5
Kade/Marsh/dynamics reference,13
Marsh archetype,7
Osei/lightweight reference,6
Reyes archetype,5
Reyes/Vogel/European reference,15
Reyes/reference,1
Rival,6
US performance reference,11
Vogel archetype,6
WTRL special/build recipe,10
continuation/restomod reference,1
enforcement/pursuit,6
film reference,3
film/derivation reference,1
film/derivation/endurance reference,8
film/heritage reference,1
physics/geometry/presentation reference,6
restomod reference,1
